headline_no_site,Debiased_Result,Debiased_masked
Life sentence for Plymouth woman who murdered her mother,,
“I Had Never Even Heard Of Her Before She Cured Me”,,
'Honey Boo Boo' Mom Wants Female Pres as Hillary Buzz Grows,,
New York Woman Says Rihanna's Lipstick Gave Her Herpes,,
"Teens Notice Pretty Blonde Woman In Car Beside Them, Then Realize She's Mouthing 'Help Me'",,
Crime Scene   Mother charged after Pr. William girl found in bathtub dies,,
She Had The Meanest Mom In The World. Now? She Wants To Be Just Like Her...,She Had The most Mom In The World. Now? She Wants To Be Just Like Her...,
A US woman on why she disagrees with Obama on gun control,,
EastEnders star Emer Kenny’s sister told she was ‘too fat’ to try on a dress in shop...,,
Army Colonel: Use 'Average Looking Women' to Portray Female Soldiers,Army Colonel: Use 'Average Looking Women' to be Female Soldiers,
Size 30 woman ditches cruel husband who called her ‘fat cow’ to drop 10st and find new man...,Size 30 woman with the husband who called her ‘fat cow’ to drop 10st and find new man...,
"Mom Hopes For A Normal Baby, But When Doctors Reveal THIS, She's Shocked!","Mom Hopes For A Normal Baby, But When Doctors Reveal THIS, She's gone!",
Watch this 8 year old girl unwrap and use her 3D printed mechanical hand,Watch this 8 year old girl play and use her 3D printed mechanical hand,
Female doctors cater for PE women,,
"Woman who drove off with traffic cop on top of her car arrested, faces trial",,
"40 years after death of her son Santos Rodriguez, Dallas mayor’s apology surprises his mother",,
Lady Gaga iPad scam puts her little monsters at risk,,
"Cook, Thief, His Wife And Her Lover",,
5 People Every Woman Needs In Her Life,,
The slacker is back – and this time she's female,The nurse is back – and this time she's female,
Break Her For The Goblet She Holds,,
Google Offers $25M in Grants to Groups Empowering Women and Girls,,
Engen celebrates women truck drivers this Women's Month,,
Women still miss out on management in finance — FT.com,,
Woman Arrested While Refusing Smart Meter Installation on Her Property Tells Us Her Story,,
Actress Kate Hudson on launching her own company,,
Woman jumps to her death from hotel window,,
Globetrotting: Rochette intends to compete despite sudden death of her mother,,
Woman haunted by her likeness to dad Raoul Moat...,Woman identified by her likeness to dad Raoul Moat...,
International Women's Day: 7 most influential female educators of the world,,
A shot of medicine for heroin addiction helps metro woman stay clean,,
South African woman with concrete slab told her house is complete,,
The Fat Lady Is Clearing Her Throat,,
Mother dies waiting for her son,,
Why Black Women Are Often Missing From Conversations About Police Violence,,
"How her husband’s suicide inspired one woman to raise £20,000",,
Celebrity Mum Claire Sweeney Says Aspirin Stopped Her From Having A Third Miscarriage,,
Lady Gaga dines at award winning San Francisco restaurant,,
Last of 3 Women to Play Baseball in Negro Leagues Dies at 82,,
The Women Who Are Changing the Face of the NFL,,
Stephen Piscotty's Mother Dies at 55 After Battle With ALS,,
"Barber, Saldana capture U.S. Women's Amateur Four ball",,
Here's who bought that run down Painted Lady in SF,Here's who bought that old Painted Lady in SF,
Should pregnant Bay Area women get the COVID 19 vaccine?,,
Woman Sentenced To 60 Days In Jail In 2016 Vehicular Manslaughter Case,,
28 Year Old Woman Killed In Crash Off Grizzly Peak Boulevard,,
Massaging problem feet from clowns to Mother Teresa,my problem feet from child to Mother Teresa,
Cal women look for bounce back weekend against Washington schools,,
First female Boston Marathon runner prepares to race again,,
The 'M' Word: Ronaldo's Sister Reveals Why Talk of Messi Is Banned From Ballon d'Or Holder's Home,,
